<?xml version="1.0" encoding="utf-8"?>
<ShellsConfiguration xmlns:xsd="http://www.w3.org/2001/XMLSchema" xmlns:xsi="http://www.w3.org/2001/XMLSchema-instance" xmlns="http://schemas.qualisystems.com/ResourceManagement/ShellsConfigurationSchema.xsd">
    <ResourceTemplates>
        <ResourceTemplate Name="GigaVUE-OS" Model="GigaVUE-OS" Driver="GigamonDriver">
            <Description></Description>
            <AutoLoad Enable="true">
                <Description>Description for autoload </Description>
            </AutoLoad>
            <Attributes>
                <Attribute Name="User" Value="" />
                <Attribute Name="Password" Value="" />
            </Attributes>
        </ResourceTemplate>
    </ResourceTemplates>
</ShellsConfiguration>